"id","title","year","cast","genres","extract","thumbnail","thumbnail_width","thumbnail_height"
"e1926f09-66e9-4bf4-a231-99c6602d228a","The Grudge",2020,"{""Andrea Riseborough"",""Demián Bichir"",""John Cho"",""Betty Gilpin"",""Lin Shaye"",""Jacki Weaver""}","{Horror,Supernatural}","The Grudge is a 2020 American psychological supernatural horror film written and directed by Nicolas Pesce. Originally announced as a reboot of the 2004 American remake and the original 2002 Japanese horror film Ju-On: The Grudge, the film ended up taking place before and during the events of the 2004 film and its two direct sequels, and is the fourth installment in the American The Grudge film series. The film stars Andrea Riseborough, Demián Bichir, John Cho, Betty Gilpin, Lin Shaye, and Jacki Weaver, and follows a police officer who investigates several murders that are seemingly connected to a single house.","https://upload.wikimedia.org/wikipedia/en/3/34/The_Grudge_2020_Poster.jpeg",220,326
"c2413148-eb2e-40a2-a3dd-00caf36b75a7","Underwater",2020,"{""Kristen Stewart"",""Vincent Cassel"",""Jessica Henwick"",""John Gallagher Jr."",""Mamoudou Athie"",""T.J. Miller""}","{Action,Horror,""Science Fiction""}","Underwater is a 2020 American science fiction action horror film directed by William Eubank. The film stars Kristen Stewart, Vincent Cassel, Jessica Henwick, John Gallagher Jr., Mamoudou Athie, and T.J. Miller.","https://upload.wikimedia.org/wikipedia/en/4/4a/Underwater_poster.jpeg",250,398
"79a891b9-58bb-4697-9e31-687f91179b42","Like a Boss",2020,"{""Tiffany Haddish"",""Rose Byrne"",""Salma Hayek"",""Jennifer Coolidge"",""Billy Porter""}","{Comedy}","Like a Boss is a 2020 American comedy film directed by Miguel Arteta, written by Sam Pitman and Adam Cole-Kelly, and starring Tiffany Haddish, Rose Byrne, and Salma Hayek. The plot follows two friends who attempt to take back control of their cosmetics company from an industry titan.","https://upload.wikimedia.org/wikipedia/en/9/9a/LikeaBossPoster.jpg",259,383
"4f4a1460-1631-486f-a37f-3c2f630e595d","Three Christs",2020,"{""Richard Gere"",""Peter Dinklage"",""Walton Goggins"",""Bradley Whitford""}","{Drama}","Three Christs, also known as State of Mind, is a 2017 American drama film directed, co-produced, and co-written by Jon Avnet and based on Milton Rokeach's nonfiction book The Three Christs of Ypsilanti. It screened in the Gala Presentations section at the 2017 Toronto International Film Festival. The film is also known as: Three Christs of Ypsilanti, The Three Christs of Ypsilanti, Three Christs of Santa Monica, and The Three Christs of Santa Monica.","https://upload.wikimedia.org/wikipedia/en/a/a1/Three_Christs_poster.jpg",259,383
"afd66b8a-4ed9-4281-baf1-aca333628982","Inherit the Viper",2020,"{""Josh Hartnett"",""Margarita Levieva"",""Chandler Riggs"",""Bruce Dern"",""Owen Teague""}","{Crime,Drama}","Inherit the Viper is a 2019 American crime drama film directed by Anthony Jerjen, in his feature directorial debut, from a screenplay by Andrew Crabtree. It stars Josh Hartnett, Margarita Levieva, Chandler Riggs, Bruce Dern, Valorie Curry, Owen Teague, and Dash Mihok.","https://upload.wikimedia.org/wikipedia/en/1/1c/Inherit_the_Viper_%282019%29_Film_Poster.jpg",236,350
"a56ca141-0d99-4c0b-a9e1-4b18e905a2c6","The Sonata",2020,"{""Freya Tingley"",""Simon Abkarian"",""Rutger Hauer"",""James Faulkner""}","{Mystery,Thriller}","The Sonata is a 2018 mystery thriller film, directed by Andrew Desmond, from a screenplay by Desmond and Arthur Morin. It stars Freya Tingley, Simon Abkarian, James Faulkner, Rutger Hauer, Matt Barber and James Kermack. It was released in the United States on January 10, 2020, by Screen Media Films. It grossed $146,595 at the box office and received mixed reviews from critics.","https://upload.wikimedia.org/wikipedia/en/1/13/The_Sonata_%282018%29_Film_Poster.jpg",246,350
"610cde32-5d89-48e5-b0b0-adca9362ca49","The Murder of Nicole Brown Simpson",2020,"{""Mena Suvari"",""Nick Stahl"",""Taryn Manning""}","{Crime,Horror}","The Murder of Nicole Brown Simpson is a 2019 American crime horror film directed by Daniel Farrands. The film is loosely based on the murder of Nicole Brown Simpson, presenting a version of events in which Brown Simpson is murdered by serial killer Glen Edward Rogers, and not by O. J. Simpson, her ex-husband and the primary suspect in the case. Though Mena Suvari's performance as Nicole Brown was praised, the film was panned by critics.","https://upload.wikimedia.org/wikipedia/en/e/ed/The_Murder_of_Nicole_Brown_Simpson_poster.jpg",263,380
"4e4de852-1e87-445d-ba82-aafe95ff6833","Bad Boys for Life",2020,"{""Will Smith"",""Martin Lawrence"",""Vanessa Hudgens"",""Alexander Ludwig"",""Charles Melton"",""Paola Núñez"",""Kate del Castillo"",""Nicky Jam"",""Joe Pantoliano""}","{Action,Comedy}","Bad Boys for Life is a 2020 American buddy cop action comedy film directed by Adil & Bilall. It is the sequel to Bad Boys II (2003) and the third installment in the Bad Boys franchise. Will Smith, Martin Lawrence, Joe Pantoliano and Theresa Randle reprise their roles in the film and are joined by Paola Núñez, Vanessa Hudgens, Jacob Scipio, Alexander Ludwig, Charles Melton, Kate del Castillo and Nicky Jam. The film was produced by Smith, Jerry Bruckheimer, and Doug Belgrad, with a screenplay written by Chris Bremner, Peter Craig and Joe Carnahan. In Bad Boys for Life, Miami detectives Mike Lowrey and Marcus Burnett investigate a string of murders tied to Lowrey's troubled past.","https://upload.wikimedia.org/wikipedia/en/9/90/Bad_Boys_for_Life_poster.jpg",219,325
"3745008e-c05c-4e32-8435-49b78d9c88b8","Dolittle",2020,"{""Robert Downey Jr."",""Antonio Banderas"",""Michael Sheen"",""Emma Thompson"",""Rami Malek"",""John Cena"",""Kumail Nanjiani"",""Octavia Spencer"",""Tom Holland"",""Craig Robinson"",""Ralph Fiennes"",""Selena Gomez"",""Marion Cotillard""}","{Adventure,Fantasy}","Dolittle is a 2020 American fantasy adventure film directed by Stephen Gaghan from a screenplay by Gaghan, Dan Gregor, and Doug Mand, based on a story by Thomas Shepherd. Dolittle is based on the title character created by Hugh Lofting and is primarily inspired by the author's second Doctor Dolittle book, The Voyages of Doctor Dolittle (1922). Robert Downey Jr. stars as the title character, alongside Antonio Banderas and Michael Sheen in live-action roles, with Emma Thompson, Rami Malek, John Cena, Kumail Nanjiani, Octavia Spencer, Tom Holland, Craig Robinson, Ralph Fiennes, Selena Gomez, and Marion Cotillard voicing an array of creatures.","https://upload.wikimedia.org/wikipedia/en/1/1f/Dolittle_%282020_film_poster%29.png",220,326
"37551b88-0e65-4a78-828b-01879acb65d8","A Fall from Grace",2020,"{""Crystal R. Fox"",""Phylicia Rashad"",""Bresha Webb"",""Mehcad Brooks"",""Cicely Tyson"",""Tyler Perry""}","{Thriller}","A Fall from Grace is a 2020 American thriller film produced, written, and directed by Tyler Perry and his first to be released by Netflix. The film follows a woman who finds a dangerous new love and the novice attorney who defends her in a sensational court case. This was the final film of actor Cicely Tyson before her death in January 2021.","https://upload.wikimedia.org/wikipedia/en/4/4e/AFallFromGrace.png",259,383
"9657186a-0382-4aee-9fd8-8b03d1bd1944","The Gentlemen",2020,"{""Matthew McConaughey"",""Charlie Hunnam"",""Henry Golding"",""Michelle Dockery"",""Jeremy Strong"",""Eddie Marsan"",""Colin Farrell"",""Hugh Grant""}","{Action,Comedy}","The Gentlemen is a 2019 action comedy film written, directed and produced by Guy Ritchie, who developed the story along with Ivan Atkinson and Marn Davies. The film stars Matthew McConaughey, Charlie Hunnam, Henry Golding, Michelle Dockery, Jeremy Strong, Eddie Marsan, Colin Farrell, and Hugh Grant. It follows an American cannabis wholesaler in England who is looking to sell his business, setting off a chain of blackmail and schemes to undermine him.","https://upload.wikimedia.org/wikipedia/en/0/06/The_Gentlemen_poster.jpg",259,383
"417408e9-a80c-42c1-b98f-0d067a6112f9","The Turning",2020,"{""Mackenzie Davis"",""Finn Wolfhard"",""Brooklynn Prince"",""Joely Richardson""}","{Horror,Supernatural}","The Turning is a 2020 American gothic supernatural horror film directed by Floria Sigismondi and written by Carey W. Hayes and Chad Hayes. It is a modern adaptation of the 1898 ghost story The Turn of the Screw by Henry James. It stars Mackenzie Davis, Finn Wolfhard, Brooklynn Prince, and Joely Richardson, and follows a young governess in 1994 who is hired to watch over two children after their parents are killed.","https://upload.wikimedia.org/wikipedia/en/a/a2/The_Turning_poster_2020.jpg",251,397
"37a4b53d-ae68-447d-b082-e48cf181ee75","The Last Full Measure",2020,"{""Sebastian Stan"",""Christopher Plummer"",""William Hurt"",""Ed Harris"",""Samuel L. Jackson"",""Peter Fonda"",""LisaGay Hamilton"",""Jeremy Irvine"",""Diane Ladd"",""Amy Madigan"",""John Savage"",""Bradley Whitford""}","{Drama,War}","The Last Full Measure is a 2019 American war drama film written and directed by Todd Robinson. It follows the efforts of fictional Pentagon staffer Scott Huffman and many veterans to see the Medal of Honor awarded to William H. Pitsenbarger, a United States Air Force Pararescueman who flew in helicopter rescue missions during the Vietnam War to aid downed soldiers and pilots. Based on true events, the film stars Sebastian Stan, Christopher Plummer, William Hurt, Ed Harris, Samuel L. Jackson, Jeremy Irvine, and Peter Fonda. It was the final film appearance of Fonda, who died before the film’s release; and Plummer's final on screen appearance before his death in 2021, though it had filmed prior to Knives Out which was released before it.","https://upload.wikimedia.org/wikipedia/en/9/9d/The_Last_Full_Measure_2019_poster.jpg",256,378
"45ba456b-6cd9-45a0-8fb3-c9c64044b4bd","John Henry",2020,"{""Terry Crews"",Ludacris,""Jamila Velazquez"",""Ken Foree"",""Tyler Alvarez"",""Joseph Julian Soria""}","{Drama,Thriller}","John Henry is a 2020 American thriller drama film starring Terry Crews and Ludacris, and directed by Will Forbes. Inspired by the folk lore of John Henry, the plot follows an ex-gang member from Los Angeles who must help two immigrant children who are on the run from his former crime boss. The film had a limited release on January 24, 2020, and received negative reviews from critics.","https://upload.wikimedia.org/wikipedia/en/b/b8/JohnHenryPoster.jpeg",220,316
"d6e9afe1-e14a-4a33-8a53-0b85c6696eba","The Rhythm Section",2020,"{""Blake Lively"",""Jude Law"",""Sterling K. Brown""}","{Action,Thriller}","The Rhythm Section is a 2020 action thriller film directed by Reed Morano and with a screenplay by Mark Burnell based on his novel of the same name. Starring Blake Lively, Jude Law and Sterling K. Brown, and follows a grieving woman who seeks revenge after discovering that the plane crash that killed her family was a terrorist attack.","https://upload.wikimedia.org/wikipedia/en/9/98/The_Rhythm_Section_poster.jpg",260,382
"7a9755b0-e3fd-49bd-b9a6-0a6041f7b75d","Gretel & Hansel",2020,"{""Sophia Lillis"",""Sammy Leakey"",""Charles Babalola"",""Jessica De Gouw"",""Alice Krige""}","{Fantasy,Horror}","Gretel & Hansel is a 2020 dark fantasy horror film based on the German folklore tale ""Hansel and Gretel"" by the Brothers Grimm. The film is directed by Oz Perkins, and produced by Fred Berger, Brian Kavanaugh-Jones, and Dan Kagan, with a screenplay by Rob Hayes. Sophia Lillis and Sam Leakey portray the titular characters, alongside Alice Krige and Jessica De Gouw. The story follows Gretel and Hansel as they enter the dark woods in order to find work and food, and then stumble upon the home of a witch.","https://upload.wikimedia.org/wikipedia/en/d/de/Gretel_%26_Hansel_-_A_Grim_Fairy_Tale_theatrical_poster.jpeg",220,326
"a61ef375-19a6-4c51-8ce0-38bf3e804f45","The Assistant",2020,"{""Julia Garner"",""Matthew Macfadyen""}","{Drama}","The Assistant is a 2019 American drama film written, directed, produced, and edited by Kitty Green. The film stars Julia Garner as a junior assistant at a film production company. Matthew Macfadyen, Makenzie Leigh, Kristine Froseth, Jon Orsini, and Noah Robbins also star.","https://upload.wikimedia.org/wikipedia/en/9/9b/The_Assistant_poster.jpeg",259,383
"7f5a8bfc-43e9-4005-ae26-0c90d0f469b3","Birds of Prey",2020,"{""Margot Robbie"",""Mary Elizabeth Winstead"",""Jurnee Smollett-Bell"",""Rosie Perez"",""Chris Messina"",""Ella Jay Basco"",""Ali Wong"",""Ewan McGregor""}","{Superhero}","Birds of Prey (and the Fantabulous Emancipation of One Harley Quinn), also known as Harley Quinn: Birds of Prey or simply Birds of Prey, is a 2020 American superhero film directed by Cathy Yan and written by Christina Hodson, based on the DC Comics team, the Birds of Prey. Produced by Warner Bros., DC Films, LuckyChap Entertainment, Clubhouse Pictures, and Kroll & Co. Entertainment, it is the eighth installment in the DC Extended Universe (DCEU), and serves as a spin-off and sequel to Suicide Squad (2016). It stars Margot Robbie as Harley Quinn alongside Mary Elizabeth Winstead, Jurnee Smollett-Bell, Rosie Perez, Chris Messina, Ella Jay Basco, Ali Wong, and Ewan McGregor. The film follows Harley Quinn, who, after breaking up with the Joker, is threatened by Gotham City crime lord Roman Sionis, and joins forces with Helena Bertinelli, Dinah Lance and Renee Montoya (who go on to form the Birds of Prey) to save Cassandra Cain.","https://upload.wikimedia.org/wikipedia/en/1/1c/Birds_of_Prey_%282020_film%29_poster.jpg",220,326
"91a24fb4-965a-4529-be81-0c1a27e5cfe0","The Lodge",2020,"{""Riley Keough"",""Jaeden Martell"",""Lia McHugh"",""Richard Armitage"",""Alicia Silverstone""}","{Horror}","The Lodge is a 2019 psychological horror film directed by Veronika Franz and Severin Fiala, written by Franz, Fiala, and Sergio Casci, and starring Riley Keough, Jaeden Martell, Lia McHugh, Alicia Silverstone, and Richard Armitage. Its plot follows a soon-to-be stepmother who, alone with her fiancé's two children, becomes stranded at their rural lodge during Christmas. There, she and the children experience a number of unexplained events that seem to be connected to her past.","https://upload.wikimedia.org/wikipedia/en/c/cf/The_Lodge_poster.jpg",220,326
"1315996d-9fff-4939-8ae6-60fa07d2f4fd","Timmy Failure: Mistakes Were Made",2020,"{""Winslow Fegley"",""Ophelia Lovibond"",""Craig Robinson"",""Wallace Shawn""}","{Adventure,Comedy,Drama,Family,Fantasy}","Timmy Failure: Mistakes Were Made is a 2020 American adventure fantasy comedy-drama family film based on the book series of the same name by Stephan Pastis that debuted on Disney+ on February 7, 2020. The film is directed by Tom McCarthy, produced by Alexander Dostal, McCarthy and Jim Whitaker from a screenplay written by McCarthy and Pastis and stars Winslow Fegley, Ophelia Lovibond, Craig Robinson and Wallace Shawn.","https://upload.wikimedia.org/wikipedia/en/c/c8/Timmy_Failure_Mistakes_Were_Made_Poster.jpeg",259,383
"23c01d09-6c58-4f5f-be33-50756dcb3f9b","Horse Girl",2020,"{""Alison Brie"",""Debby Ryan"",""John Paul Reynolds"",""Molly Shannon"",""John Ortiz"",""Paul Reiser""}","{Drama}","Horse Girl is a 2020 American psychological drama film directed and produced by Jeff Baena, from a screenplay written by Baena and Alison Brie. It stars Brie, Debby Ryan, John Reynolds, Molly Shannon, John Ortiz, and Paul Reiser.","https://upload.wikimedia.org/wikipedia/en/3/37/Horse_Girl_poster.jpg",259,383
"dd1fcd9c-bab3-4fdd-833b-91fc4345a628","To All the Boys: P.S. I Still Love You",2020,"{""Lana Condor"",""Noah Centineo"",""Jordan Fisher"",""Anna Cathcart"",""John Corbett""}","{Comedy,Teen,Romance}","To All the Boys: P.S. I Still Love You is a 2020 American teen romantic comedy film directed by Michael Fimognari and written by Sofia Alvarez and J. Mills Goodloe. The film stars Lana Condor, Noah Centineo, Janel Parrish, Anna Cathcart, Trezzo Mahoro, Madeleine Arthur, Emilija Baranac, Kelcey Mawema, Jordan Fisher, Ross Butler, Julie Tao, Sarayu Blue, John Corbett, and Holland Taylor. The film is based on Jenny Han's 2015 novel P.S. I Still Love You.","https://upload.wikimedia.org/wikipedia/en/b/bc/To_All_the_Boys_-_P.S._I_Still_Love_You_official_release_poster.jpg",220,326
"2bdc6459-a793-4b2b-a540-2ffa8df08739","Sonic the Hedgehog",2020,"{""James Marsden"",""Ben Schwartz"",""Tika Sumpter"",""Natasha Rothwell"",""Adam Pally"",""Neal McDonough"",""Jim Carrey""}","{Action,Adventure,Comedy}","Sonic the Hedgehog is a 2020 action-adventure comedy film based on the video game series published by Sega. Directed by Jeff Fowler and written by Pat Casey and Josh Miller, it stars Ben Schwartz as the voice of Sonic the Hedgehog, alongside Jim Carrey and James Marsden, with supporting roles by Tika Sumpter, Natasha Rothwell, Adam Pally, Lee Majdoub and Neal McDonough. The film follows Sonic, a blue anthropomorphic hedgehog who can run at supersonic speeds. He teams up with a town sheriff, Tom Wachowski (Marsden), to stop the mad scientist Dr. Robotnik (Carrey).","https://upload.wikimedia.org/wikipedia/en/4/45/Sonic_the_Hedgehog_film_poster.jpg",259,384
"b29de43b-1c7f-445a-9454-26a37db92dd5","Fantasy Island",2020,"{""Michael Peña"",""Maggie Q"",""Lucy Hale"",""Austin Stowell"",""Portia Doubleday"",""Jimmy O. Yang"",""Ryan Hansen"",""Michael Rooker""}","{Horror,Supernatural}","Fantasy Island, also known as Blumhouse's Fantasy Island, is a 2020 American supernatural horror film directed and co-written by Jeff Wadlow. Serving both as a horror reimagining and a prequel to ABC's 1977 television series of the same name, it stars Michael Peña, Maggie Q, Lucy Hale, Austin Stowell, Jimmy O. Yang, Ryan Hansen, Portia Doubleday, and Michael Rooker and follows a group of people who, while visiting the eponymous island, discover that their dream-like fantasies brought to life begin to turn into horrific living nightmares and they must try to survive.","https://upload.wikimedia.org/wikipedia/en/7/7e/Fantasy_Island_poster.jpg",220,326
"e7d6315d-e7b6-415e-b66b-d4ec5c621340","The Photograph",2020,"{""Issa Rae"",""Lakeith Stanfield"",""Chelsea Peretti"",""Lil Rel Howery"",""Courtney B. Vance""}","{Drama,Romance}","The Photograph is a 2020 American romantic drama film written and directed by Stella Meghie. It follows the estranged daughter of a famous photographer who falls in love with the journalist who is investigating her late mother's life. Chelsea Peretti, Lil Rel Howery and Courtney B. Vance also star.","https://upload.wikimedia.org/wikipedia/en/c/c4/The_Photograph_poster.jpg",251,397
"b80a291d-d365-48ab-962a-c1c272a64c3b","Downhill",2020,"{""Julia Louis-Dreyfus"",""Will Ferrell"",""Miranda Otto"",""Zoë Chao"",""Zach Woods""}","{Comedy,Drama}","Downhill is a 2020 American black comedy-drama film directed by Nat Faxon and Jim Rash, who also co-wrote the script with Jesse Armstrong. The film is a remake of Force Majeure (2014) by Swedish director Ruben Östlund. It stars Julia Louis-Dreyfus and Will Ferrell as a married couple going through a rough patch after a near-death encounter during a family ski outing.","https://upload.wikimedia.org/wikipedia/en/6/6a/Downhill_poster.jpeg",258,386
"7980281f-c910-4d58-aab0-f7ffea207fcb","Spy Intervention",2020,"{""Drew Van Acker"",""Poppy Delevingne"",""Natasha Bassett"",""Max Silvestri"",""Brittany Furlan"",""Blake Anderson""}","{Action,Comedy,Spy}","Spy Intervention is a 2020 American action comedy spy film directed by Drew Mylrea and written by Mark Famiglietti and Lane Garrison. The film stars Drew Van Acker, Poppy Delevingne and Blake Anderson.","https://upload.wikimedia.org/wikipedia/en/c/cf/Spy_Intervention_%282020%29_Film_Poster.jpg",236,350
"c70bd59f-5de6-49fa-bca3-17812e63186d","The Kindness of Strangers",2020,"{""Andrea Riseborough"",""Tahar Rahim"",""Zoe Kazan"",""Bill Nighy"",""Caleb Landry Jones"",""Jay Baruchel""}","{Drama}","The Kindness of Strangers is a 2019 internationally co-produced drama film, written and directed by Lone Scherfig. It stars Zoe Kazan, Tahar Rahim, Esben Smed, Andrea Riseborough, and Caleb Landry Jones.","https://upload.wikimedia.org/wikipedia/en/8/8d/The_Kindness_of_Strangers_poster.jpg",263,379
"01d4e61c-dfe7-4f72-bd69-46aeb7ad2d0e","The Call of the Wild",2020,"{""Harrison Ford"",""Omar Sy"",""Cara Gee"",""Dan Stevens"",""Karen Gillan"",""Bradley Whitford""}","{Adventure}","The Call of the Wild is a 2020 American adventure film based on Jack London's 1903 novel of the same name. Directed by Chris Sanders, in his live-action directorial debut, and his first film without a co-director, the film was written by Michael Green, and stars Harrison Ford, Omar Sy, Cara Gee, Dan Stevens, Karen Gillan, and Bradley Whitford. Set during the 1890s Klondike Gold Rush, the film follows a dog named Buck as he is stolen from his home in California and sent to the Yukon, where he befriends an old outdoorsman and begins a life-altering adventure.","https://upload.wikimedia.org/wikipedia/en/4/43/The_Call_of_the_Wild_poster.jpg",251,397
"673a24dc-2df5-47c1-83e7-efb5ba5a7b85","The Lost Husband",2020,"{""Leslie Bibb"",""Josh Duhamel"",""Nora Dunn""}","{Romance}","The Lost Husband is a 2020 American romance film written and directed by Vicky Wight and starring Leslie Bibb and Josh Duhamel. It is based on Katherine Center's 2013 novel of the same name. The film was released to video on demand on April 10, 2020 by Quiver Distribution and Redbox Entertainment.","https://upload.wikimedia.org/wikipedia/en/4/4b/Lost_husband.jpg",259,384
"26b26537-d25c-4525-b295-127613f1c472","Emma",2020,"{""Anya Taylor-Joy"",""Johnny Flynn"",""Josh O'Connor"",""Callum Turner"",""Mia Goth"",""Miranda Hart"",""Bill Nighy""}","{Comedy,Historical,Romance}","Emma is a 2020 period romantic comedy film directed by Autumn de Wilde, from a screenplay by Eleanor Catton, based on Jane Austen's 1815 novel of the same name. It stars Anya Taylor-Joy as Miss Emma Woodhouse, a wealthy and elegant young woman living with her father in Regency-era England who amuses herself with matchmaking and meddles in the romantic lives of those closest to her. The film also stars Johnny Flynn, Josh O'Connor, Callum Turner, Mia Goth, Miranda Hart, and Bill Nighy.","https://upload.wikimedia.org/wikipedia/en/5/53/Emma_poster.jpeg",220,326
"f966e6d0-d518-4048-a7db-cf707fe656c0","The Last Thing He Wanted",2020,"{""Anne Hathaway"",""Ben Affleck"",""Rosie Perez"",""Edi Gathegi"",""Mel Rodriguez"",""Toby Jones"",""Willem Dafoe""}","{Political,Thriller}","The Last Thing He Wanted is a 2020 political thriller film directed by Dee Rees, based on the 1996 novel of the same name by Joan Didion, from a screenplay by Rees and Marco Villalobos. The film stars Anne Hathaway, Ben Affleck, Rosie Perez, Edi Gathegi, Mel Rodriguez, Toby Jones, and Willem Dafoe.","https://upload.wikimedia.org/wikipedia/en/4/4e/The_Last_Thing_He_Wanted.jpg",259,383
"65291a37-c59d-48d0-aa8c-ea95509740f4","Brahms: The Boy II",2020,"{""Katie Holmes"",""Owain Yeoman"",""Christopher Convery"",""Ralph Ineson""}","{Horror,Supernatural}","Brahms: The Boy II is a 2020 American supernatural horror film starring Katie Holmes, Ralph Ineson, Christopher Convery and Owain Yeoman. A sequel to the 2016 film The Boy, it is directed by William Brent Bell and written by Stacey Menear, the respective director and writer of the original film.","https://upload.wikimedia.org/wikipedia/en/5/51/Brahms_The_Boy_Poster.jpg",259,383
"70160a8b-6c77-4074-82f6-8c10f817a312","The Night Clerk",2020,"{""Tye Sheridan"",""Ana de Armas"",""Helen Hunt"",""John Leguizamo""}","{Crime,Drama}","The Night Clerk is a 2020 American crime drama film, written and directed by Michael Cristofer. It stars Tye Sheridan, Ana de Armas, John Leguizamo and Helen Hunt, and follows a hotel night clerk who becomes the center of a murder investigation. The film was released on February 21, 2020, by Saban Films. On June 6, 2020, Netflix released the film on its platform. The film has received negative reviews from critics who criticized it for its lackluster story, deriative, and undeveloped characters; however, Sheridan's performance did receive praise.","https://upload.wikimedia.org/wikipedia/en/9/9f/The_Night_Clerk_poster.jpeg",220,330
"38106179-9aa8-4f9d-b5e0-072d2c8e7f8c","Impractical Jokers: The Movie",2020,"{""Brian Quinn"",""Joe Gatto"",""Sal Vulcano"",""James Murray"",""Paula Abdul""}","{Comedy}","Impractical Jokers: The Movie is a 2020 American reality comedy film directed by Chris Henchy, based on the truTV television series Impractical Jokers. The film stars Brian Quinn, James Murray, Sal Vulcano, and Joe Gatto, also known as The Tenderloins. It was theatrically released on February 21, 2020. The film received generally mixed reviews and was a box office success, grossing $10 million against a budget of $3 million.","https://upload.wikimedia.org/wikipedia/en/6/6a/Impractical_Jokers_The_Movie_poster.png",220,325
"0c411310-ea13-442c-b18f-f5e75eaf070d","The Invisible Man",2020,"{""Elisabeth Moss"",""Aldis Hodge"",""Storm Reid"",""Harriet Dyer"",""Michael Dorman"",""Oliver Jackson-Cohen""}","{Horror,""Science Fiction""}","The Invisible Man is a 2020 science fiction horror film written and directed by Leigh Whannell. Inspired by H. G. Wells' novel of the same name, it stars Elisabeth Moss as a woman who believes she is being stalked and gaslit by her seemingly deceased ex-boyfriend after he acquires the ability to become invisible. Aldis Hodge, Storm Reid, Harriet Dyer, and Michael Dorman appear in supporting roles.","https://upload.wikimedia.org/wikipedia/en/3/3a/The_Invisible_Man_%282020_film%29_-_release_poster.jpg",259,383
"ccf861a7-4d09-4c2c-bfca-e631ec2dda4f","All the Bright Places",2020,"{""Elle Fanning"",""Justice Smith"",""Alexandra Shipp"",""Keegan-Michael Key"",""Luke Wilson""}","{Drama,Teen,Romance}","All the Bright Places is a 2020 American teen romantic drama film, directed by Brett Haley, from a screenplay by Jennifer Niven and Liz Hannah, adapted from the novel of the same name by Niven. It stars Elle Fanning, Justice Smith, Alexandra Shipp, Kelli O'Hara, Lamar Johnson, Virginia Gardner, Felix Mallard, Sofia Hasmik, Keegan-Michael Key, and Luke Wilson.","https://upload.wikimedia.org/wikipedia/en/8/8c/All_the_Bright_Places.jpeg",259,383
"3facd0f6-883b-4ebe-be07-be8b010df46c","Wendy",2020,"{""Tommie Lynn Milazzo"",""Shay Walker""}","{Drama,Fantasy}","Wendy is a 2020 American fantasy drama film directed by Benh Zeitlin, from a screenplay by Zeitlin and Eliza Zeitlin. The film stars Devin France, Yashua Mack, Gage Naquin, Gavin Naquin, Ahmad Cage, Krzysztof Meyn, and Romyri Ross. It is intended to be a re-imagining of J. M. Barrie's Peter Pan.","https://upload.wikimedia.org/wikipedia/en/a/ac/Wendy_poster.jpg",259,383
"8cee6a92-dd06-4725-aa35-9e88502f4474","Guns Akimbo",2020,"{""Daniel Radcliffe"",""Samara Weaving"",""Natasha Liu Bordizzo""}","{Action,Comedy}","Guns Akimbo is a 2019 action comedy film written and directed by Jason Lei Howden. It stars Daniel Radcliffe, Samara Weaving, Ned Dennehy, Natasha Liu Bordizzo, Grant Bowler, Edwin Wright, Rhys Darby, Milo Cawthorne, Richard Knowles, and Mark Rowley.","https://upload.wikimedia.org/wikipedia/en/1/1f/Guns_Akimbo_poster.jpg",259,383
"5a45297b-f395-4dc0-a001-a2f2ad8e646f","Onward",2020,"{""Tom Holland"",""Chris Pratt"",""Julia Louis-Dreyfus"",""Octavia Spencer""}","{Adventure,Animated,Fantasy}","Onward is a 2020 American computer-animated urban fantasy adventure film produced by Pixar Animation Studios and distributed by Walt Disney Studios Motion Pictures. The film was directed by Dan Scanlon, produced by Kori Rae, and written by Scanlon, Jason Headley, and Keith Bunin. The film stars the voices of Tom Holland, Chris Pratt, Julia Louis-Dreyfus, and Octavia Spencer. Set in a suburban fantasy world for the modern day, the film follows two elf brothers named Ian and Barley Lightfoot who set out on a quest to find an artifact that will temporarily bring back their deceased father named Wilden (Bornheimer) for twenty-four hours before the time is up. Along the way, their journey is filled with cryptic maps, impossible obstacles and unimaginable discoveries.","https://upload.wikimedia.org/wikipedia/en/0/03/Onward_poster.jpg",220,326
"95605922-e19c-432c-a2c0-27a5bf5115a8","The Way Back",2020,"{""Ben Affleck"",""Al Madrigal"",""Michaela Watkins"",""Janina Gavankar"",""Glynn Turman""}","{Drama,Sports}","The Way Back is a 2020 American sports drama film directed by Gavin O'Connor and written by Brad Ingelsby. It stars Ben Affleck, Al Madrigal, Michaela Watkins, and Janina Gavankar, and follows an alcoholic construction worker who is recruited to become head coach of the basketball team at the high school where he was a star.","https://upload.wikimedia.org/wikipedia/en/c/c3/The_Way_Back_poster.jpeg",259,383
"b21fa673-3a14-41b5-ae9d-5bbdf5027669","Spenser Confidential",2020,"{""Mark Wahlberg"",""Winston Duke"",""Alan Arkin"",""Iliza Shlesinger"",""Bokeem Woodbine"",""Marc Maron"",""Austin Post""}","{Action,Comedy}","Spenser Confidential is a 2020 American action comedy film directed by Peter Berg and with a screenplay written by Sean O'Keefe and Brian Helgeland. The film stars Mark Wahlberg, Winston Duke, Alan Arkin, Iliza Shlesinger, Bokeem Woodbine, Donald Cerrone, Marc Maron, and Post Malone and marks the fifth collaboration between Wahlberg and Berg after Lone Survivor, Deepwater Horizon, Patriots Day, and Mile 22.","https://upload.wikimedia.org/wikipedia/en/c/c6/Spenser_Confidential_poster.jpg",260,383
"fbb92ff2-4336-4ea2-b271-e36f92af941d","The Banker",2020,"{""Anthony Mackie"",""Nicholas Hoult"",""Nia Long"",""Samuel L. Jackson""}","{Drama,Historical}","The Banker is a 2020 American period drama film directed, co-written and produced by George Nolfi. The film stars Anthony Mackie, Nicholas Hoult, Nia Long, Jessie T. Usher and Samuel L. Jackson. The story follows Joe Morris (Jackson) and Bernard Garrett (Mackie), two of the first African-American bankers in the United States.","https://upload.wikimedia.org/wikipedia/en/7/72/The_Banker_poster.jpeg",259,383
"3a910d46-92f7-42c1-9fe8-91884e132cff","The Burnt Orange Heresy",2020,"{""Claes Bang"",""Elizabeth Debicki"",""Mick Jagger"",""Donald Sutherland""}","{Crime,Thriller}","The Burnt Orange Heresy is a 2019 crime thriller film directed by Giuseppe Capotondi and with a screenplay by Scott Smith. The film is based on the book of the same name by Charles Willeford and stars Claes Bang, Elizabeth Debicki, Mick Jagger, and Donald Sutherland.","https://upload.wikimedia.org/wikipedia/en/2/26/The_Burnt_Orange_Heresey.jpeg",259,383
"603e2e07-f0f5-4b15-a425-d240545243ec","Swallow",2020,"{""Haley Bennett"",""Austin Stowell"",""Elizabeth Marvel"",""David Rasche"",""Denis O'Hare""}","{Thriller}","Swallow is a 2019 psychological thriller film written and directed by Carlo Mirabella-Davis and starring Haley Bennett, Austin Stowell, Elizabeth Marvel, David Rasche, and Denis O'Hare. Its plot follows a young woman who, emotionally stifled in her marriage and domestic life, develops an impulse to consume inedible objects.","https://upload.wikimedia.org/wikipedia/en/7/7f/Swallow_film_poster.png",220,326
"8e882d23-9f61-4385-87f6-fc8708cbde4b","First Cow",2020,"{""John Magaro"",""Orion Hall"",""René Auberjonois""}","{Drama}","First Cow is a 2019 American drama film directed by Kelly Reichardt, from a screenplay by Reichardt and Jonathan Raymond based on Raymond's 2004 novel The Half-Life. It stars John Magaro, Orion Lee, Toby Jones, Ewen Bremner, Scott Shepherd, Gary Farmer, Stephen Malkmus, Alia Shawkat, and Lily Gladstone. It also features René Auberjonois in one of his final film roles.","https://upload.wikimedia.org/wikipedia/en/4/43/First_Cow_poster.jpeg",253,394
"51f498c3-4352-4438-a2dc-8e66fa208613","Bloodshot",2020,"{""Vin Diesel"",""Eiza González"",""Sam Heughan"",""Toby Kebbell"",""Lamorne Morris"",""Guy Pearce""}","{Superhero}","Bloodshot is a 2020 American superhero film based on the Valiant Comics character of the same name. It is intended to be the first installment in a series of films set within a Valiant Comics shared cinematic universe. Directed by David S. F. Wilson from a screenplay by Jeff Wadlow and Eric Heisserer and a story by Wadlow, the film stars Vin Diesel in the main role, Eiza González, Sam Heughan, Toby Kebbell, and Guy Pearce. It follows a soldier who was killed in action, only to be brought back to life with superpowers by an organization that wants to use him as a weapon.","https://upload.wikimedia.org/wikipedia/en/4/45/Bloodshot_-_official_film_poster.jpeg",220,316
"e94db9d9-4dda-4dee-bed2-02f177cbbc31","The Hunt",2020,"{""Betty Gilpin"",""Ike Barinholtz"",""Amy Madigan"",""Emma Roberts"",""Ethan Suplee"",""Hilary Swank""}","{Horror,Thriller}","The Hunt is a 2020 American horror thriller film directed by Craig Zobel and written by Nick Cuse and Damon Lindelof. The film stars Betty Gilpin, Hilary Swank, Ike Barinholtz, and Emma Roberts. Jason Blum was a producer under his Blumhouse Productions banner, along with Lindelof. Zobel and Lindelof have said that the film is intended as a satire on the profound political divide between the American left and right. It is about a group of elites who kidnap working class people to hunt them.","https://upload.wikimedia.org/wikipedia/en/a/a9/The_Hunt_2020_poster.png",251,397
"788819d3-66b4-4822-8115-62918f6d0b7b","I Still Believe",2020,"{""KJ Apa"",""Britt Robertson"",""Shania Twain"",""Gary Sinise""}","{Drama,Romance}","I Still Believe is a 2020 American Christian romantic drama film directed by the Erwin brothers and starring KJ Apa, Britt Robertson, Shania Twain, Melissa Roxburgh, and Gary Sinise. It is based on the life of American contemporary Christian music singer-songwriter Jeremy Camp and his first wife, Melissa Lynn Henning-Camp, who was diagnosed with ovarian cancer shortly before they married. Camp's song ""I Still Believe"" is the film's namesake.","https://upload.wikimedia.org/wikipedia/en/1/18/I_Still_Believe_promotional_poster.jpg",220,316
"c10f7391-274c-4f58-84e5-306c088443da","Lost Girls",2020,"{""Amy Ryan"",""Thomasin McKenzie"",""Lola Kirke"",""Oona Laurence"",""Dean Winters"",""Miriam Shor"",""Reed Birney"",""Kevin Corrigan"",""Gabriel Byrne""}","{Drama,Mystery}","Lost Girls is a 2020 American mystery drama film. Lost Girls was directed by Liz Garbus, from a screenplay by Michael Werwie, and based on the book Lost Girls: An Unsolved American Mystery by Robert Kolker. The film revolves around the murders of young female sex workers on the South Shore barrier islands of Long Island, committed by the Long Island serial killer, who remains unidentified.","https://upload.wikimedia.org/wikipedia/en/3/37/Lost_Girls_poster.jpeg",259,383
"afe3d657-05df-476b-82ee-0d3c5f1df7d0","Stargirl",2020,"{""Grace VanderWaal"",""Graham Verchere"",""Giancarlo Esposito""}","{Musical,Romance}","Stargirl is a 2020 American jukebox musical romance film based on the 2000 novel of the same name by Jerry Spinelli that debuted on Disney+. The film explores the tense emotions, non-conformity and self-expression of teenagers in high school, and the exuberance of first love.","https://upload.wikimedia.org/wikipedia/en/1/1f/Star_girl_Movie_Poster.jpeg",259,383
"cd12c61e-2b58-4f8e-b184-90591a6a698a","The Roads Not Taken",2020,"{""Javier Bardem"",""Elle Fanning"",""Laura Linney"",""Salma Hayek""}","{Drama}","The Roads Not Taken is a 2020 drama film written and directed by Sally Potter. The film stars Javier Bardem, Elle Fanning, Salma Hayek and Laura Linney.","https://upload.wikimedia.org/wikipedia/en/1/12/The_Roads_Not_Taken_poster.jpeg",260,383
"dcd4ad0d-7832-4bed-8bc0-c29d0b0c4476","Never Rarely Sometimes Always",2020,"{""Sidney Flanigan"",""Talia Ryder"",""Theodore Pellerin"",""Ryan Eggold"",""Sharon Van Etten""}","{Drama}","Never Rarely Sometimes Always is a 2020 drama film written and directed by Eliza Hittman. It stars Sidney Flanigan, Talia Ryder, Théodore Pellerin, Ryan Eggold, and Sharon Van Etten. It had its world premiere at the Sundance Film Festival on January 24, 2020. It was also selected to compete for the Golden Bear in the main competition section at the 70th Berlin International Film Festival, where it won the Silver Bear Grand Jury Prize. The film was released in the United States on March 13, 2020, by Focus Features. It received widespread acclaim from critics, with praise for Flanigan's performance and Hittman's direction.","https://upload.wikimedia.org/wikipedia/en/4/44/Never_Rarely_Sometimes_Always.png",259,384
"8963580f-e849-4262-812e-911065c96edd","Big Time Adolescence",2020,"{""Pete Davidson"",""Griffin Gluck"",""Jon Cryer"",""Oona Laurence"",""Sydney Sweeney""}","{Comedy}","Big Time Adolescence is a 2019 American coming-of-age comedy film written and directed by Jason Orley, in his directorial debut. It stars Pete Davidson, Griffin Gluck, Emily Arlook, Colson Baker, Sydney Sweeney and Jon Cryer.","https://upload.wikimedia.org/wikipedia/en/4/4d/Big_Time_Adolescences_poster.jpeg",259,385
"d046a0ad-f89c-4c95-b544-e834b9a5d318","Lost Transmissions",2020,"{""Simon Pegg"",""Juno Temple"",""Alexandra Daddario"",""Tao Okamoto"",""Rosanna Arquette"",""Bria Vinaite""}","{Drama}","Lost Transmissions is a 2019 drama film written and directed by Katharine O'Brien. It stars Simon Pegg, Juno Temple, and Alexandra Daddario. It premiered at the Tribeca Film Festival on April 28, 2019 ati was released on March 13, 2020 by Gravitas Ventures.","https://upload.wikimedia.org/wikipedia/en/e/ee/LostTransmissionTribeca.png",258,387
"f9cf5c22-104a-4061-82a7-3cc507419104","Resistance",2020,"{""Jesse Eisenberg"",""Ed Harris"",""Clémence Poésy"",""Matthias Schweighöfer"",""Félix Moati"",""Karl Markovics"",""Vica Kerekes"",""Bella Ramsey"",""Édgar Ramírez""}","{Drama,Biography}","Resistance is a 2020 biographical drama film written and directed by Jonathan Jakubowicz, inspired by the life of Marcel Marceau. It stars Jesse Eisenberg as Marceau, with Clémence Poésy, Matthias Schweighöfer, Alicia von Rittberg, Félix Moati, Géza Röhrig, Karl Markovics, Vica Kerekes, Bella Ramsey, Ed Harris and Édgar Ramírez.","https://upload.wikimedia.org/wikipedia/en/1/1b/Resistance_poster.jpg",259,383
"eb2a42f1-6c55-47aa-b495-e3c16b218d4e","Uncorked",2020,"{""Mamoudou Athie"",""Courtney B. Vance"",""Niecy Nash"",""Matt McGorry""}","{Drama}","Uncorked is a 2020 American drama film, written and directed by Prentice Penny. It stars Mamoudou Athie, Courtney B. Vance, Niecy Nash, Matt McGorry, Sasha Compère, Gil Ozeri, Kelly Jenrette, Bernard David Jones, Melisia Lomax and Meera Rohit Kumbhani.","https://upload.wikimedia.org/wikipedia/en/9/92/Uncorked_poster.jpeg",259,383
"c1042b95-8690-4bc8-b0fe-065dd5448102","Vivarium",2020,"{""Imogen Poots"",""Jesse Eisenberg""}","{""Science Fiction""}","Vivarium is a 2019 science fiction film directed by Lorcan Finnegan, from a story by Finnegan and Garret Shanley. An international co-production between Ireland, Denmark and Belgium, it stars Imogen Poots and Jesse Eisenberg. It premiered at the Cannes Film Festival on 18 May 2019, and was released in Ireland on 27 March 2020 by Vertigo Releasing. The film follows a couple that is forced to care for a mysterious child while trapped in a seemingly perfect neighbourhood.","https://upload.wikimedia.org/wikipedia/en/1/11/Vivarium_film_theatrical_poster.jpg",220,326
"048c2856-87e7-4587-8af8-866c136560eb","Coffee & Kareem",2020,"{""Ed Helms"",""Taraji P. Henson"",""Betty Gilpin"",""King Bach"",""David Alan Grier""}","{Action,Comedy}","Coffee & Kareem is a 2020 American action comedy film directed by Michael Dowse and written by Shane Mack. It stars Ed Helms, Terrence Little Gardenhigh, Betty Gilpin, RonReaco Lee, Andrew Bachelor, David Alan Grier and Taraji P. Henson, and follows a bumbling Detroit cop who must rescue his girlfriend and her 12-year-old son from gangsters after the boy witnesses a murder.","https://upload.wikimedia.org/wikipedia/en/0/03/Coffee_%26_Kareem_poster.jpeg",259,383
"5c9f2e6c-730c-4137-a994-0cf54b0d77b8","Trolls World Tour",2020,"{""Anna Kendrick"",""Justin Timberlake"",""Rachel Bloom"",""James Corden"",""Ron Funches"",""Kelly Clarkson"",""Anderson Paak"",""Sam Rockwell"",""George Clinton"",""Mary J. Blige""}","{Animated,Comedy,Musical}","Trolls World Tour is a 2020 American computer-animated jukebox musical comedy film produced by DreamWorks Animation and distributed by Universal Pictures, based on the Good Luck Trolls dolls created by Thomas Dam. The sequel to Trolls (2016) and the second installment in the franchise, the film was directed by Walt Dohrn and co-directed by David P. Smith, from a screenplay by Maya Forbes, Wallace Wolodarsky, Elizabeth Tippet, and the writing team of Jonathan Aibel and Glenn Berger, and a story by Aibel and Berger. The film features an ensemble cast that includes the voices of Anna Kendrick, Justin Timberlake, Rachel Bloom, James Corden, Ron Funches, Kelly Clarkson, Anderson .Paak, Sam Rockwell, George Clinton, and Mary J. Blige. The film follows Poppy and Branch as they discover several more troll tribes that represent music genres other than their own. Troubles arise when the Queen of the Rock tribe plans to overthrow the foreign music genres to unite the trolls under rock music.","https://upload.wikimedia.org/wikipedia/en/e/ed/Trolls_World_Tour_poster.jpg",258,386
"675adab4-770f-4330-8045-d2836f8cf4c5","Love Wedding Repeat",2020,"{""Olivia Munn"",""Sam Claflin"",""Freida Pinto"",""Eleanor Tomlinson"",""Jack Farthing""}","{Comedy,Romance}","Love Wedding Repeat is a 2020 romantic comedy film written and directed by Dean Craig, in his feature directorial debut. A remake of the 2012 French romantic comedy film Plan de Table, the film stars Sam Claflin, Olivia Munn and Eleanor Tomlinson. It was released on 10 April 2020 by Netflix.","https://upload.wikimedia.org/wikipedia/en/3/39/Love_Wedding_Repeat.jpg",220,326
"ae200b64-b890-45e7-bb12-3f9f45f8f2c7","The Main Event",2020,"{""Seth Carr"",""Tichina Arnold"",""Ken Marino"",""Adam Pally""}","{Comedy,Sports}","The Main Event is a 2020 American sports comedy film directed by Jay Karas, from a screenplay by Larry Postel and starring Seth Carr, Tichina Arnold, Ken Marino and Adam Pally. It was released on April 10, 2020, by Netflix.","https://upload.wikimedia.org/wikipedia/en/7/77/The_Main_Event_%282020_film%29.png",220,326
"2fd4159e-ff0c-4bf9-b4f5-dc96205eaa45","We Summon the Darkness",2020,"{""Alexandra Daddario"",""Keean Johnson"",""Logan Miller"",""Maddie Hasson"",""Amy Forsyth"",""Austin Swift"",""Johnny Knoxville""}","{Horror,Thriller}","We Summon the Darkness is a 2019 American horror thriller film directed by Marc Meyers and written by Alan Trezza. The film stars Alexandra Daddario, Keean Johnson, Maddie Hasson, Amy Forsyth, Logan Miller, Austin Swift, and Johnny Knoxville.","https://upload.wikimedia.org/wikipedia/en/5/5d/We_Summon_the_Darkness_film_poster.png",220,326
"1ea5d6c4-8d13-4090-9376-31a37c541e21","Corona Zombies",2020,"{""Cody Renee Cameron"",""Russell Coker"",""Robin Sydney""}","{Comedy,Horror}","Corona Zombies is a 2020 American comedy horror film directed by Charles Band, and produced and distributed by Full Moon Features. Inspired by the COVID-19 pandemic, the film stars Cody Renee Cameron as Barbie, a woman who finds herself facing an outbreak of zombies infected by coronavirus disease 2019 (COVID-19). Alongside Cameron, the film stars Russell Coker and Robin Sydney.","https://upload.wikimedia.org/wikipedia/en/2/2c/Corona_Zombies_%282020%29_poster.jpg",245,367
"dfa89d1b-c9c5-4ab1-9436-416624d4c11c","Sergio",2020,"{""Wagner Moura"",""Ana de Armas"",""Garret Dillahunt"",""Brían F. O'Byrne"",""Clemens Schick"",""Bradley Whitford""}","{Drama,Biography}","Sergio is a 2020 American biographical drama film about the United Nations diplomat Sérgio Vieira de Mello. The film is directed by Greg Barker, from a screenplay written by Craig Borten. It stars Wagner Moura, Ana de Armas, Garret Dillahunt, Clemens Schick, Will Dalton, Bradley Whitford and Brían F. O'Byrne.","https://upload.wikimedia.org/wikipedia/en/d/da/Sergio_poster.jpeg",259,383
"1ce2271c-c88e-45fd-991e-8a8cd033196c","The Willoughbys",2020,"{""Will Forte"",""Maya Rudolph"",""Alessia Cara"",""Terry Crews"",""Martin Short"",""Jane Krakowski"",""Ricky Gervais""}","{Animated,Comedy}","The Willoughbys is a 2020 computer-animated comedy film directed by Kris Pearn and co-directed by Rob Lodermeier. Based on the book of the same name by Lois Lowry, the film's screenplay was written by Pearn and Mark Stanleigh, and stars the voices of Will Forte, Maya Rudolph, Alessia Cara, Terry Crews, Martin Short, Jane Krakowski, Seán Cullen, and Ricky Gervais, who also narrates the film and follows four kids trying to find new parents to replace their self-centered and neglectful ones.","https://upload.wikimedia.org/wikipedia/en/a/a0/The_Willoughbys_Theatrical_release_poster.jpg",259,383
"b879d712-4ba0-440d-bbb4-4b67d43f6ce9","Extraction",2020,"{""Chris Hemsworth"",""Rudhraksh Jaiswal"",""Randeep Hooda"",""Golshifteh Farahani"",""Pankaj Tripathi"",""David Harbour""}","{Action,Thriller}","Extraction is a 2020 American action thriller film directed by Sam Hargrave and written by Joe Russo, based on the graphic novel Ciudad by Ande Parks, Joe Russo, Anthony Russo, Fernando León González, and Eric Skillman. The film's cast features Chris Hemsworth, Rudhraksh Jaiswal, Randeep Hooda, Golshifteh Farahani, Pankaj Tripathi and David Harbour. The film is about an Australian black ops mercenary whose mission to save an Indian crime lord's kidnapped son in Dhaka, Bangladesh goes awry when he is double-crossed.","https://upload.wikimedia.org/wikipedia/en/8/89/Extraction_%282020_film%29.png",259,384
"abe75f44-8ee0-48da-963d-4fe1d74e8de8","Braking for Whales",2020,"{""Tom Felton"",""Tammin Sursok"",""Wendi McLendon-Covey"",""David Koechner""}","{Comedy,Drama}","Braking for Whales is a 2019 American comedy-drama film directed by Sean McEwen and starring Tammin Sursok and Tom Felton. Sursok co-wrote the screenplay with McEwen.","https://upload.wikimedia.org/wikipedia/en/6/62/Braking_for_Whales.jpg",220,330
"db4489a7-1ec3-44d0-85c3-920176e153e7","Bad Education",2020,"{""Hugh Jackman"",""Allison Janney"",""Geraldine Viswanathan"",""Alex Wolff"",""Rafael Casal"",""Stephen Spinella"",""Annaleigh Ashford"",""Ray Romano""}","{Crime,Drama}","Bad Education is a 2019 American crime drama film directed by Cory Finley and written by Mike Makowsky. It is based on the 2004 New York magazine article ""The Bad Superintendent"" by Robert Kolker, about the true story of the largest public school embezzlement in American history. It features an ensemble cast including Hugh Jackman, Allison Janney, Geraldine Viswanathan, Alex Wolff, Rafael Casal, Stephen Spinella, Annaleigh Ashford and Ray Romano.","https://upload.wikimedia.org/wikipedia/en/3/3d/Bad_Education_poster.jpeg",259,383
"4c0b542a-c9f5-4893-af32-27d40aaddcb8","Dangerous Lies",2020,"{""Camila Mendes"",""Jessie T. Usher"",""Jamie Chung"",""Cam Gigandet"",""Sasha Alexander"",""Elliott Gould""}","{Thriller}","Dangerous Lies is a 2020 American psychological thriller film, directed by Michael Scott from a screenplay by David Golden. It stars Camila Mendes, Jessie T. Usher, Jamie Chung, Cam Gigandet, Sasha Alexander and Elliott Gould. It was released on April 30, 2020, by Netflix. In October 2020, Dangerous Lies was nominated for People's Choice Awards in the drama movie category.","https://upload.wikimedia.org/wikipedia/en/0/03/Dangerous_Lies_poster.jpg",259,383
"0021d291-f2c9-4b51-b903-642f0cb7e9d9","All Day and a Night",2020,"{""Ashton Sanders"",""Jeffrey Wright"",""Yahya Abdul-Mateen II""}","{Drama}","All Day and a Night is a 2020 American drama film written and directed by Joe Robert Cole. It stars Jeffrey Wright, Ashton Sanders and Yahya Abdul-Mateen II.","https://upload.wikimedia.org/wikipedia/en/0/03/All_Day_and_a_Night_poster.jpg",259,384
"81f2c1f0-2133-4b9f-84ca-35d822f670a9","The Wretched",2020,"{""John-Paul Howard"",""Piper Curda"",""Zarah Mahler"",""Kevin Bigley""}","{Horror,Supernatural}","The Wretched is a 2019 American supernatural horror film written and directed by the Pierce Brothers. It stars John-Paul Howard, Piper Curda, Zarah Mahler, Kevin Bigley, Gabriela Quezada Bloomgarden, Richard Ellis, Blane Crockarell, Jamison Jones, and Azie Tesfai. The film follows a defiant teenage boy who faces off with an evil witch posing as the neighbor next door.","https://upload.wikimedia.org/wikipedia/en/d/df/The_Wretched_%28film%29_poster.jpg",259,383
"aaf60e89-2c59-4f70-970a-6b6054398620","The Half of It",2020,"{""Leah Lewis"",""Daniel Diemer"",""Alexxis Lemire"",""Collin Chou""}","{Comedy,Drama}","The Half of It is a 2020 American coming-of-age comedy-drama film written and directed by Alice Wu. It stars Leah Lewis, Daniel Diemer, and Alexxis Lemire, with Enrique Murciano, Wolfgang Novogratz, Catherine Curtin, Becky Ann Baker, and Collin Chou in supporting roles. Teenager Ellie Chu agrees to write a love letter for a jock while falling for his crush. Netflix released the film on May 1, 2020, to positive reviews. The film received the Founders Award for Best Narrative Feature at the 2020 Tribeca Film Festival.","https://upload.wikimedia.org/wikipedia/en/7/71/The_Half_of_It_poster.jpeg",259,384
"8b03f976-fecf-4bdc-970a-3eaba3cc153a","Arkansas",2020,"{""Liam Hemsworth"",""Clark Duke"",""Michael Kenneth Williams"",""Vivica A. Fox"",""Eden Brolin"",""Chandler Duke"",""John Malkovich"",""Vince Vaughn""}","{Crime,Noir,Thriller}","Arkansas is a 2020 American neo-noir crime thriller film directed by Clark Duke in his directorial debut, from a screenplay he wrote with Andrew Boonkrong. It stars Liam Hemsworth, Clark Duke, Michael Kenneth Williams, Vivica A. Fox, Eden Brolin, Chandler Duke, John Malkovich and Vince Vaughn. It is based on the novel Arkansas by John Brandon.","https://upload.wikimedia.org/wikipedia/en/d/d5/Arkansas_poster.jpg",259,383
"7363159f-36db-426e-b83b-ab721d4d46fc","Valley Girl",2020,"{""Jessica Rothe"",""Josh Whitehouse"",""Mae Whitman"",""Judy Greer""}","{Comedy,Musical,Teen,Romance}","Valley Girl is a 2020 American jukebox musical romantic comedy teen film directed by Rachel Lee Goldenberg and written by Amy Talkington from a story by Wayne Crawford and Andrew Lane. It is a remake of the 1983 film of the same name and stars Jessica Rothe, Josh Whitehouse, Mae Whitman, and Judy Greer. The film follows Julie Richman, a Valley girl, who falls in love with Randy, a rebellious punk, during the early 1980s.","https://upload.wikimedia.org/wikipedia/en/d/d7/Valley_Girl_2020_poster.jpg",220,326
"b75f8267-df04-4b8a-a0d4-baf09ef77b2e","Capone",2020,"{""Tom Hardy"",""Linda Cardellini"",""Jack Lowden"",""Noel Fisher"",""Kyle MacLachlan"",""Matt Dillon""}","{Drama,Biography}","Capone is a 2020 American biographical drama film written, directed and edited by Josh Trank, with Tom Hardy starring as the eponymous gangster Al Capone. The film centers on Capone after his 11-year sentence at Atlanta Penitentiary, as he suffers from neurosyphilis and dementia while living in Florida. Linda Cardellini, Jack Lowden, Noel Fisher, Kyle MacLachlan, and Matt Dillon also star in supporting roles. First announced in October 2016 as Fonzo, production on the film did not begin until March 2018, lasting through May in Louisiana.","https://upload.wikimedia.org/wikipedia/en/2/2a/Capone_2020_poster.jpg",220,316
"94033b56-186c-49d8-8aff-1f075d271bc9","The Wrong Missy",2020,"{""David Spade"",""Lauren Lapkus"",""Geoff Pierson"",""Sarah Chalke"",""Molly Sims""}","{Comedy,Romance}","The Wrong Missy is a 2020 American romantic comedy film directed by Tyler Spindel which was produced by Happy Madison Productions. With a screenplay by Chris Pappas and Kevin Barnett, the film stars David Spade as a recently single businessman who accidentally invites a woman with whom he had a horrible first date to a corporate retreat after a case of mistaken identity. It features lesser roles for Rob Schneider and Molly Sims, and a cameo for Vanilla Ice.","https://upload.wikimedia.org/wikipedia/en/a/a0/The_Wrong_Missy_poster.jpg",259,383
"9954f638-3a2e-48c0-803c-08b119ea9961","Scoob!",2020,"{""Will Forte"",""Mark Wahlberg"",""Jason Isaacs"",""Gina Rodriguez"",""Zac Efron"",""Amanda Seyfried"",""Kiersey Clemons"",""Ken Jeong"",""Tracy Morgan"",""Frank Welker""}","{Animated,Comedy,Mystery}","Scoob! is a 2020 American computer-animated mystery comedy film produced by the Warner Animation Group, and distributed by Warner Bros. Pictures. It is a reboot of the theatrical Scooby-Doo film series and the third theatrical film based on the characters, following Scooby-Doo (2002) and Scooby-Doo 2: Monsters Unleashed (2004). Set in a Hanna-Barbera animated multiverse, the film follows Mystery Incorporated working with the Blue Falcon to solve their most challenging mystery behind their mascot's secret legacy and purpose, which connects with Dick Dastardly's evil plan to unleash Cerberus.","https://upload.wikimedia.org/wikipedia/en/c/ca/Scoob_poster.png",220,326
"9d3d9227-b1aa-4133-babc-d79104207be7","Blood and Money",2020,"{""Tom Berenger"",""Kristen Hager"",""Mark Sivertsen"",""Paul Ben-Victor""}","{Thriller}","Blood and Money is a 2020 American thriller film directed by John Barr and starring Tom Berenger. It is Barr's feature directorial debut.","https://upload.wikimedia.org/wikipedia/en/4/49/Blood_and_money.jpg",259,384
"7e702cd5-9edc-471f-80cf-1911e8258ae3","Body Cam",2020,"{""Mary J. Blige"",""Nat Wolff"",""David Zayas"",""David Warshofsky"",""Demetrius Grosse"",""Anika Noni Rose""}","{Horror}","Body Cam is a 2020 American police procedural horror film directed by Malik Vitthal, from a screenplay by Nicholas McCarthy and Richmond Riedel and a story by Riedel. The film stars Mary J. Blige, Nat Wolff, David Zayas, David Warshofsky, Demetrius Grosse and Anika Noni Rose.","https://upload.wikimedia.org/wikipedia/en/b/b4/Body_Cam_poster.jpg",258,387
"cf146241-01fb-4b4c-a7b2-2e2b68f21da5","The Lovebirds",2020,"{""Issa Rae"",""Kumail Nanjiani"",""Paul Sparks"",""Anna Camp"",""Kyle Bornheimer""}","{Comedy,Romance}","The Lovebirds is a 2020 American romantic comedy film directed by Michael Showalter from a screenplay by Aaron Abrams and Brendan Gall, and a story by Abrams, Gall, and Martin Gero. The film stars Issa Rae and Kumail Nanjiani, as well as Paul Sparks, Anna Camp, and Kyle Bornheimer, and follows a couple who goes on the run after witnessing a murder.","https://upload.wikimedia.org/wikipedia/en/6/62/The_Lovebirds_poster.jpeg",220,316
"c2a394e7-ae85-44a4-ab44-fb73301f1536","Inheritance",2020,"{""Lily Collins"",""Simon Pegg"",""Chace Crawford"",""Connie Nielsen"",""Patrick Warburton"",""Adam Beach""}","{Thriller}","Inheritance is a 2020 American thriller film directed by Vaughn Stein from a screenplay by Matthew Kennedy. The film stars Lily Collins, Simon Pegg, Connie Nielsen, Chace Crawford and Patrick Warburton. Inheritance was released on May 22, 2020, by Vertical Entertainment. It received generally negative reviews from critics.","https://upload.wikimedia.org/wikipedia/en/1/14/Inheritance_%282020_film%29.jpg",259,383
"54ccb365-f621-45e3-bf7b-737ff13c39e8","Survive the Night",2020,"{""Bruce Willis"",""Chad Michael Murray""}","{Action,Thriller}","Survive the Night is a 2020 American action thriller film directed by Matt Eskandari and starring Bruce Willis, Chad Michael Murray, and Shea Buckner. The film was released in the United States on May 22, 2020.","https://upload.wikimedia.org/wikipedia/en/b/b4/Survive_the_Night_poster.jpg",260,383
"bb332a86-def0-4759-aac4-6c67c1b61ae7","The Wanting Mare",2020,"{""Josh Clark""}","{""Science Fiction""}","The Wanting Mare is a 2020 science fiction film written and directed by Nicholas Ashe Bateman.","https://upload.wikimedia.org/wikipedia/en/2/28/Wanting_mare.jpg",259,384
"d0df55d0-6967-40d7-94e8-824082b5f10d","The High Note",2020,"{""Dakota Johnson"",""Tracee Ellis Ross"",""Kelvin Harrison Jr."",""Ice Cube"",""Zoë Chao"",""Bill Pullman"",""Eddie Izzard""}","{Comedy,Drama}","The High Note is a 2020 American comedy-drama film directed by Nisha Ganatra and written by Flora Greeson. It stars Dakota Johnson, Tracee Ellis Ross, Kelvin Harrison Jr., Zoë Chao, Bill Pullman, Eddie Izzard, and Ice Cube, and follows a famous singer's personal assistant who wants to become a music producer.","https://upload.wikimedia.org/wikipedia/en/6/6d/The_High_Note_poster.jpeg",220,326
"cde5530f-0ac8-4389-b211-53cb58e2451e","Shirley",2020,"{""Elisabeth Moss"",""Michael Stuhlbarg"",""Odessa Young"",""Logan Lerman""}","{Drama,Biography}","Shirley is a 2020 American biographical drama film, directed by Josephine Decker, from a screenplay by Sarah Gubbins, based upon the 2014 novel of the same name by Susan Scarf Merrell, which formed a ""largely fictional story"" around novelist Shirley Jackson's real life during the time period she was writing her 1951 novel Hangsaman. The film stars Elisabeth Moss as Jackson with Michael Stuhlbarg, Odessa Young and Logan Lerman. Martin Scorsese serves as an executive producer.","https://upload.wikimedia.org/wikipedia/en/3/30/Shirley_poster.jpeg",260,384
"f636c442-9cfd-42e4-84e1-f12941d476b8","The Last Days of American Crime",2020,"{""Édgar Ramírez"",""Anna Brewster"",""Michael Pitt"",""Sharlto Copley""}","{Action,Thriller}","The Last Days of American Crime is a 2020 American action thriller film directed by Olivier Megaton from a screenplay written by Karl Gajdusek, based on Rick Remender and Greg Tocchini's 2009 graphic novel of the same name. It stars Édgar Ramírez, Anna Brewster, Michael Pitt, Patrick Bergin, and Sharlto Copley. It was panned by critics, who noted the film's release as unfortunate for coinciding with the George Floyd protests, due to its violent content and depictions of police brutality, and as of October 2021 holds a 0% rating on Rotten Tomatoes.","https://upload.wikimedia.org/wikipedia/en/7/77/The_Last_Days_of_American_Crime_poster.png",220,326
"c5b73a7c-24f5-447e-8ee0-3d079c4091bd","Becky",2020,"{""Lulu Wilson"",""Kevin James"",""Joel McHale""}","{Action,Thriller}","Becky is a 2020 American action thriller film directed by Jonathan Milott and Cary Murnion, from a screenplay by Nick Morris, Lane Skye, and Ruckus Skye. The film stars Lulu Wilson, Kevin James, and Joel McHale.","https://upload.wikimedia.org/wikipedia/en/5/53/Becky_poster.jpg",259,383
"93b69205-62bd-442b-a30b-968be918d7f5","Think Like a Dog",2020,"{""Josh Duhamel"",""Megan Fox""}","{Comedy,Family,""Science Fiction""}","Think Like a Dog is a 2020 American family sci-fi comedy film written and directed by Gil Junger. It stars Josh Duhamel and Megan Fox. The film was released through Premium VOD on June 9, 2020.","https://upload.wikimedia.org/wikipedia/en/3/37/Think_Like_a_Dog_poster.jpg",258,387
"de583209-cdee-4f44-bb78-59a350afca04","Da 5 Bloods",2020,"{""Delroy Lindo"",""Jonathan Majors"",""Clarke Peters"",""Norm Lewis"",""Isiah Whitlock Jr."",""Mélanie Thierry"",""Paul Walter Hauser"",""Jasper Pääkkönen"",""Jean Reno"",""Chadwick Boseman""}","{Drama,War}","Da 5 Bloods is a 2020 American war drama film directed, produced, and co-written by Spike Lee. It stars Delroy Lindo, Jonathan Majors, Clarke Peters, Johnny Trí Nguyễn, Norm Lewis, Isiah Whitlock Jr., Mélanie Thierry, Paul Walter Hauser, Jasper Pääkkönen, Jean Reno, and Chadwick Boseman. The film's plot follows a group of four aging Vietnam War veterans who return to the country in search of the remains of their fallen squad leader, as well as the treasure they buried while serving there.","https://upload.wikimedia.org/wikipedia/en/f/f0/Da_5_Bloods_poster.jpeg",259,384
"d51278b9-53e2-47fc-a37d-c4ca7c551d41","Artemis Fowl",2020,"{""Ferdia Shaw"",""Lara McDonnell"",""Josh Gad"",""Tamara Smart"",""Nonso Anozie"",""Colin Farrell"",""Judi Dench""}","{Action,Adventure,Fantasy}","Artemis Fowl is a 2020 American science fantasy action adventure film based on the 2001 novel of the same name by Irish author Eoin Colfer. Directed by Kenneth Branagh, from a screenplay co-written by Conor McPherson and Hamish McColl, the film stars Ferdia Shaw, Lara McDonnell, Josh Gad, Tamara Smart, Nonso Anozie, Colin Farrell, and Judi Dench. It details the adventures of Artemis Fowl II, a twelve-year-old Irish prodigy who teams up with his faithful servant, as well as a dwarf and a fairy, in order to rescue his father, Artemis Fowl I, who has been kidnapped by another fairy looking to reclaim an item the Fowl family has stolen.","https://upload.wikimedia.org/wikipedia/en/f/f4/Artemis_Fowl_poster.jpg",259,383
"d011f803-f72b-4c65-86b7-77e1ce6a2972","The King of Staten Island",2020,"{""Pete Davidson"",""Marisa Tomei"",""Bill Burr"",""Bel Powley"",""Maude Apatow"",""Steve Buscemi""}","{Comedy,Drama}","The King of Staten Island is a 2020 American comedy-drama film directed by Judd Apatow, from a screenplay by Apatow, Pete Davidson, and Dave Sirus. It stars Davidson, Marisa Tomei, Bill Burr, Bel Powley, Maude Apatow, and Steve Buscemi, and follows a young man who must get his life together after his mother starts dating a new man who, like his deceased father, is a firefighter.","https://upload.wikimedia.org/wikipedia/en/e/e4/The_King_of_Staten_Island.jpeg",251,397
"0961e174-bda8-40d8-9600-1012e59e59d7","Sniper: Assassin's End",2020,"{""Chad Michael Collins"",""Tom Berenger"",""Sayaka Akimoto"",""Lochlyn Munro"",""Ryan Robbins""}","{Action}","Sniper: Assassin's End is a 2020 American action film directed by Kaare Andrews and starring Chad Michael Collins, Tom Berenger and Sayaka Akimoto. The film is the eighth installment of the Sniper film series and a sequel to Sniper: Ultimate Kill (2017).","https://upload.wikimedia.org/wikipedia/en/5/51/Sniper-_Assassin%27s_End_poster.jpg",258,387
"768bda2d-78d9-48c4-ac20-ff5c694e8a49","You Should Have Left",2020,"{""Kevin Bacon"",""Amanda Seyfried""}","{Horror}","You Should Have Left is a 2020 American psychological horror film written and directed by David Koepp, based on the 2017 book of the same name by Daniel Kehlmann. It stars Kevin Bacon, and Amanda Seyfried. Jason Blum served as a producer through his Blumhouse Productions banner.","https://upload.wikimedia.org/wikipedia/en/7/73/You_Should_Have_Left_Poster_2020.jpeg",252,396
"a3b9d297-06ae-4059-8a99-4762ed43f758","Wasp Network",2020,"{""Penélope Cruz"",""Édgar Ramírez"",""Gael García Bernal"",""Ana de Armas"",""Wagner Moura""}","{Spy,Thriller}","Wasp Network is a 2019 spy thriller film written and directed by Olivier Assayas, based on the book The Last Soldiers of the Cold War by Fernando Morais. It stars Penélope Cruz, Édgar Ramírez, Gael García Bernal, Ana de Armas and Wagner Moura. It tells the true story of Cuban spies in American territory during the 1990s.","https://upload.wikimedia.org/wikipedia/en/7/7c/Wasp_Network.jpg",259,383
"187b5e0b-2135-405c-91dd-56baf3565c89","Feel the Beat",2020,"{""Sofia Carson"",""Enrico Colantoni"",""Wolfgang Novogratz""}","{Comedy,Dance,Drama,Family}","Feel the Beat is a 2020 American family dance comedy-drama film directed by Elissa Down, written by Michael Armbruster and Shawn Ku and starring Sofia Carson, Enrico Colantoni and Wolfgang Novogratz.","https://upload.wikimedia.org/wikipedia/en/5/5a/Feel_the_Beat_%28film%29_poster.jpg",259,384
"36c9ff9a-603f-4cb8-9836-5352690ab7fb","7500",2020,"{""Joseph Gordon-Levitt""}","{Action,Thriller}","7500 is a 2019 action-thriller film written by Senad Halilbašić and Patrick Vollrath and directed by Patrick Vollrath in his directorial feature-length film debut. It stars Joseph Gordon-Levitt as Tobias Ellis, a pilot whose plane is hijacked by terrorists. An international co-production between Austria, Germany, and the United States, filming took place in November 2017 in Cologne and Vienna. The title is in reference to Emergency Transponder Code for ""unlawful interference"".","https://upload.wikimedia.org/wikipedia/en/7/70/7500_poster.jpg",265,375
"4265f5e7-4e11-423a-ae4d-c7de15d3b7eb","Athlete A",2020,"{}","{Documentary}","Athlete A is a 2020 American documentary film directed by Bonni Cohen and Jon Shenk. The documentary follows a team of investigative journalists from The Indianapolis Star as they broke the story of doctor Larry Nassar sexually assaulting young female gymnasts and the subsequent allegations that engulfed USA Gymnastics (USAG) and its then-CEO Steve Penny. It was released on June 24, 2020, by Netflix.","https://upload.wikimedia.org/wikipedia/en/4/44/Athlete_A_poster.jpg",220,326
"e9f8c632-f07c-4012-a3dc-b5b56c69183d","Eurovision Song Contest: The Story of Fire Saga",2020,"{""Will Ferrell"",""Rachel McAdams"",""Dan Stevens"",""Demi Lovato"",""Pierce Brosnan""}","{Comedy,Musical}","Eurovision Song Contest: The Story of Fire Saga is a 2020 American musical comedy film directed by David Dobkin, written by Will Ferrell and Andrew Steele, and starring Will Ferrell, Rachel McAdams, Dan Stevens, Melissanthi Mahut, Mikael Persbrandt, Ólafur Darri Ólafsson, Graham Norton, Demi Lovato, and Pierce Brosnan. The film follows the personally close Icelandic singers Lars Erickssong and Sigrit Ericksdóttir as they are given the chance to represent their country at the Eurovision Song Contest.","https://upload.wikimedia.org/wikipedia/en/d/da/Eurovision_Song_Contest-_The_Story_of_Fire_Saga_poster.jpg",259,383
"703af744-8bed-4347-9933-0b37458d1c2e","Irresistible",2020,"{""Steve Carell"",""Chris Cooper"",""Mackenzie Davis"",""Topher Grace"",""Natasha Lyonne"",""Rose Byrne""}","{Comedy,Political}","Irresistible is a 2020 American political comedy film written and directed by Jon Stewart. It stars Steve Carell in the lead role, Chris Cooper, Mackenzie Davis, Topher Grace, Natasha Lyonne, and Rose Byrne. The film follows a Democratic strategist who tries to help a candidate win a local election in a small right-wing town. Originally set for a theatrical release in May 2020, the film was delayed due to the COVID-19 pandemic in the United States, and then released on Premium VOD and selected theaters on June 26, 2020, by Focus Features. It received mixed reviews from critics, who called it ""a soft political satire"".","https://upload.wikimedia.org/wikipedia/en/6/6e/Irresistible_2020_poster.jpg",259,384
